<?xml version="1.0" encoding="ISO-8859-1"?>
<project name="mapdb">


    <googleAnalyticsAccountId>UA-42074659-1</googleAnalyticsAccountId>


    <publishDate position="bottom" format="yyyy-MM-dd"/>
    <version position="bottom"/>
    <custom>
        <reflowSkin>
            <!-- Make this to 'false' for local development, i.e. file:// URLs -->
            <protocolRelativeURLs>false</protocolRelativeURLs>
            <smoothScroll>true</smoothScroll>
            <theme>bootswatch-spruce</theme>
            <highlightJs>true</highlightJs>
            <highlightJsTheme>github</highlightJsTheme>
            <absoluteResourceURL>http://andriusvelykis.github.com/reflow-maven-skin/</absoluteResourceURL>
            <brand>
                <!-- Brand text in top-left part of the site -->
                <name><![CDATA[
                <img src="images/logo.png" border="0" alt="MapDB"/> - java beyond heap
                ]]></name>
                <href>http://www.mapdb.org/</href>
            </brand>
            <titleTemplate>%2$s | %1$s</titleTemplate>
            <toc>top</toc>

            <!-- Include the documentation and tools in the top navigation (in addition to links) -->
            <topNav>MapDB|FAQ|Documentation|Support</topNav>
            <!-- Split menus in the bottom navigation -->
            <bottomNav>
                <!--number of cols must be 4 -->
                <column>MapDB</column>
                <column>FAQ</column>
                <column>Documentation</column>
                <column>Support|Author</column>
            </bottomNav>
            <bottomDescription>
                <![CDATA[
<span class="color-highlight">MapDB</span> provides concurrent Maps, Sets and Queues backed by disk storage or off-heap memory.
It is a fast and easy to use embedded Java database engine. And it is completely free under Apache License.
MapDB is free as speech and free as beer under <a href="https://github.com/jankotek/MapDB/blob/master/license.txt">Apache License 2.0</a>.
]]>
            </bottomDescription>
            <pages>
                <index project="mapdb">
                    <!-- Override the title -->
                    <titleTemplate>MapDB</titleTemplate>
                    <!-- no breadcrumbs on the main index page -->
                    <breadcrumbs>false</breadcrumbs>
                    <!-- no ToC on the main index page -->
                    <toc>false</toc>
                    <markPageHeader>false</markPageHeader>
                    <sections>
                        <carousel/>
                        <body/>
                        <sidebar/>
                    </sections>
                </index>
                <faq-general>
                    <toc>sidebar</toc>
                </faq-general>
                <faq-problems>
                    <toc>sidebar</toc>
                </faq-problems>
                <faq-performance>
                    <toc>sidebar</toc>
                </faq-performance>
                <changelog>
                    <toc>sidebar</toc>
                </changelog>

            </pages>
        </reflowSkin>
    </custom>


    <body>
        <head>
            <!--graphs -->
            <style type="text/css">
                body,h1,h2,h3,h4,h5,h6,code,pre,input,button,select,textarea,.navbar-search,.navbar-search .search-query,h1 small,h2 small,h3 small,h4 small,h5 small,h6 small,.muted,.navbar .brand,.navbar .brand:hover,.navbar .nav li a,.navbar .navbar-text,.navbar .dropdown-menu li a, div.subnav, div.subnav .nav li a,.btn,legend,.alert-heading{
                font-family:Arial, sans-serif;
                }

                @media (max-width:979px){.navbar .nav-collapse .nav li a .navbar .nav-collapse .nav li a:hover, .navbar-inverse .nav-collapse .nav li a:hover, .nav-collapse .navbar-form,.nav-collapse .navbar-search}{
                font-family:Arial, sans-serif;
                }
            </style>
        </head>

        <menu name="MapDB">
            <item name="Index" href="index.html"/>
            <item name="Github" href="http://www.github.com/jankotek/mapdb"/>
            <item name="Features" href="features.html"/>
            <item name="Changelog" href="changelog.html"/>
            <item name="Credits" href="credits.html"/>
        </menu>

        <menu name="FAQ">
            <item name="General" href="faq-general.html"/>
            <item name="Problems" href="faq-problems.html"/>
            <item name="Performance" href="faq-performance.html"/>
        </menu>

        <menu name="Documentation">
            <item name="Getting started" href="02-getting-started.html"/>
            <item name="Overview Video" href="http://www.youtube.com/watch?v=FdZmyEHcWLI"/>
            <item name="Examples" href="https://github.com/jankotek/MapDB/tree/master/src/test/java/examples"/>
            <item name="JavaDoc" href="apidocs/index.html"/>
        </menu>


        <menu name="Support">
            <item name="Mail list" href="http://groups.google.com/group/mapdb"/>
            <item name="Bug tracker" href="https://github.com/jankotek/MapDB/issues"/>
        </menu>


        <menu name="Author">
            <item name="Blog" href="http://www.kotek.net/"/>
            <item name="Twitter" href="http://www.twitter.com/jankotek"/>
            <item name="Email" href="mailto:jan&#64;kotek&#46;net"/>
            <item name="About" href="http://www.kotek.net"/>
        </menu>


    </body>


    <skin>
        <groupId>lt.velykis.maven.skins</groupId>
        <artifactId>reflow-maven-skin</artifactId>
        <version>1.0.0</version>
    </skin>

</project>